Entity,Code,Year,Researchers in R&D (per million people)
Albania,ALB,2008,157.60033
Algeria,DZA,2005,170.80766
Algeria,DZA,2017,832.4228
American Samoa,ASM,2002,85.80009
American Samoa,ASM,2003,413.23026
American Samoa,ASM,2004,155.70395
American Samoa,ASM,2005,104.44046
Angola,AGO,2011,48.31265
Angola,AGO,2016,18.9549
Argentina,ARG,1997,696.5926
Argentina,ARG,1998,705.6065
Argentina,ARG,1999,713.57104
Argentina,ARG,2000,716.68835
Argentina,ARG,2001,688.24274
Argentina,ARG,2002,692.1608
Argentina,ARG,2003,718.5463
Argentina,ARG,2004,766.08325
Argentina,ARG,2005,819.9057
Argentina,ARG,2006,892.2134
Argentina,ARG,2007,974.80927
Argentina,ARG,2008,1036.2191
Argentina,ARG,2009,1035.8016
Argentina,ARG,2010,1123.9148
Argentina,ARG,2011,1181.0455
Argentina,ARG,2012,1203.982
Argentina,ARG,2013,1198.9836
Argentina,ARG,2014,1207.8397
Argentina,ARG,2015,1231.4866
Argentina,ARG,2016,1260.701
Argentina,ARG,2017,1212.4573
Argentina,ARG,2018,1227.4042
Argentina,ARG,2019,1231.5171
Argentina,ARG,2020,1256.264
Argentina,ARG,2021,1283.7987
Australia,AUS,1996,3370.9177
Australia,AUS,1998,3397.188
Australia,AUS,2000,3491.5256
Australia,AUS,2002,3778.8804
Australia,AUS,2004,4098.5146
Australia,AUS,2006,4294.911
Australia,AUS,2008,4405.36
Australia,AUS,2010,4594.137
Austria,AUT,1998,2348.1062
Austria,AUT,2002,2993.2163
Austria,AUT,2004,3187.8887
Austria,AUT,2005,3471.6409
Austria,AUT,2006,3537.7566
Austria,AUT,2007,3824.5967
Austria,AUT,2008,4153.939
Austria,AUT,2009,4158.8647
Austria,AUT,2010,4380.434
Austria,AUT,2011,4431.667
Austria,AUT,2012,4721.936
Austria,AUT,2013,4783.214
Austria,AUT,2014,5010.5073
Austria,AUT,2015,5074.43
Austria,AUT,2016,5401.3037
Austria,AUT,2017,5416.8936
Austria,AUT,2018,5683.2427
Austria,AUT,2019,5959.55
Austria,AUT,2020,5829.8374
Austria,AUT,2021,6341.739
Azerbaijan,AZE,2019,1694.47
Azerbaijan,AZE,2020,1712.1675
Azerbaijan,AZE,2021,1728.7639
Bahrain,BHR,2014,383.96417
Belarus,BLR,2020,1433.5925
Belarus,BLR,2021,1393.5448
Belgium,BEL,1996,2486.0664
Belgium,BEL,1997,2590.4846
Belgium,BEL,1998,2712.6724
Belgium,BEL,1999,2913.2732
Belgium,BEL,2000,2981.5454
Belgium,BEL,2001,3134.0793
Belgium,BEL,2002,2968.0574
Belgium,BEL,2003,2978.9807
Belgium,BEL,2004,3107.4504
Belgium,BEL,2005,3161.0842
Belgium,BEL,2006,3306.5896
Belgium,BEL,2007,3420.5757
Belgium,BEL,2008,3440.16
Belgium,BEL,2009,3551.3333
Belgium,BEL,2010,3767.1687
Belgium,BEL,2011,3910.078
Belgium,BEL,2012,4147.2085
Belgium,BEL,2013,4188.3374
Belgium,BEL,2014,4562.406
Belgium,BEL,2015,4741.8604
Belgium,BEL,2016,4811.195
Belgium,BEL,2017,4757.9253
Belgium,BEL,2018,5032.3677
Belgium,BEL,2019,5280.422
Belgium,BEL,2020,5410.832
Belgium,BEL,2021,6581.892
Bolivia,BOL,1998,71.84872
Bolivia,BOL,1999,71.75181
Bolivia,BOL,2000,70.45605
Bolivia,BOL,2001,121.11614
Bolivia,BOL,2002,117.87637
Bolivia,BOL,2009,142.6909
Bolivia,BOL,2010,162.37238
Bosnia and Herzegovina,BIH,2003,55.25296
Bosnia and Herzegovina,BIH,2004,57.20622
Bosnia and Herzegovina,BIH,2005,61.47947
Bosnia and Herzegovina,BIH,2006,164.63454
Bosnia and Herzegovina,BIH,2007,184.46034
Bosnia and Herzegovina,BIH,2012,155.65492
Bosnia and Herzegovina,BIH,2013,227.61597
Bosnia and Herzegovina,BIH,2014,283.18204
Bosnia and Herzegovina,BIH,2015,353.12317
Bosnia and Herzegovina,BIH,2016,406.14246
Bosnia and Herzegovina,BIH,2017,470.169
Bosnia and Herzegovina,BIH,2018,458.0373
Bosnia and Herzegovina,BIH,2019,449.22437
Bosnia and Herzegovina,BIH,2020,443.8526
Bosnia and Herzegovina,BIH,2021,442.83084
Botswana,BWA,2012,163.21632
Botswana,BWA,2013,173.94931
Brazil,BRA,2000,295.39966
Brazil,BRA,2001,337.66824
Brazil,BRA,2002,398.78635
Brazil,BRA,2003,423.76935
Brazil,BRA,2004,483.9042
Brazil,BRA,2005,509.99377
Brazil,BRA,2006,544.227
Brazil,BRA,2007,556.0472
Brazil,BRA,2008,591.6014
Brazil,BRA,2009,626.43866
Brazil,BRA,2010,687.111
Brazil,BRA,2011,738.61646
Brazil,BRA,2012,789.2459
Brazil,BRA,2013,839.2104
Brazil,BRA,2014,888.46387
Brunei,BRN,2002,287.68115
Brunei,BRN,2003,279.36545
Brunei,BRN,2004,285.1993
Bulgaria,BGR,1996,1747.7571
Bulgaria,BGR,1997,1432.5359
Bulgaria,BGR,1998,1446.743
Bulgaria,BGR,1999,1291.076
Bulgaria,BGR,2000,1165.9448
Bulgaria,BGR,2001,1142.7692
Bulgaria,BGR,2002,1152.2665
Bulgaria,BGR,2003,1206.8625
Bulgaria,BGR,2004,1245.4874
Bulgaria,BGR,2005,1282.1807
Bulgaria,BGR,2006,1326.8473
Bulgaria,BGR,2007,1447.0088
Bulgaria,BGR,2008,1479.2306
Bulgaria,BGR,2009,1563.6405
Bulgaria,BGR,2010,1441.6578
Bulgaria,BGR,2011,1572.4652
Bulgaria,BGR,2012,1503.2087
Bulgaria,BGR,2013,1645.567
Bulgaria,BGR,2014,1783.2201
Bulgaria,BGR,2015,1939.1442
Bulgaria,BGR,2016,2198.808
Bulgaria,BGR,2017,2092.0813
Bulgaria,BGR,2018,2310.6191
Bulgaria,BGR,2019,2391.0247
Bulgaria,BGR,2020,2377.5557
Bulgaria,BGR,2021,2339.2524
Burkina Faso,BFA,2010,46.7534
Burundi,BDI,2012,20.12697
Burundi,BDI,2018,23.19512
Cambodia,KHM,2002,17.90931
Cambodia,KHM,2015,30.77437
Canada,CAN,1996,3073.514
Canada,CAN,1997,3132.54
Canada,CAN,1998,3171.7197
Canada,CAN,1999,3258.942
Canada,CAN,2000,3534.2742
Canada,CAN,2001,3713.394
Canada,CAN,2002,3720.422
Canada,CAN,2003,3915.0105
Canada,CAN,2004,4104.826
Canada,CAN,2005,4263.7837
Canada,CAN,2006,4345.233
Canada,CAN,2007,4628.872
Canada,CAN,2008,4758.98
Canada,CAN,2009,4496.9595
Canada,CAN,2010,4696.439
Canada,CAN,2011,4835.4336
Canada,CAN,2012,4683.613
Canada,CAN,2013,4678.2617
Canada,CAN,2014,4595.6377
Canada,CAN,2015,4582.3794
Canada,CAN,2016,4428.173
Canada,CAN,2017,4467.1562
Canada,CAN,2018,4758.1025
Canada,CAN,2019,4894.2075
Canada,CAN,2020,5076.244
Cape Verde,CPV,2001,97.35708
Cape Verde,CPV,2002,127.74111
Cape Verde,CPV,2011,47.68999
Cape Verde,CPV,2014,117.86893
Chad,TCD,2016,58.7568
Chile,CHL,2007,338.16302
Chile,CHL,2008,359.4982
Chile,CHL,2009,290.14444
Chile,CHL,2010,321.5118
Chile,CHL,2011,355.70615
Chile,CHL,2012,393.88467
Chile,CHL,2013,338.19308
Chile,CHL,2014,431.09735
Chile,CHL,2015,459.8299
Chile,CHL,2016,500.26782
Chile,CHL,2017,499.76147
Chile,CHL,2018,529.07153
Chile,CHL,2019,512.46594
Chile,CHL,2020,518.6667
China,CHN,1996,447.9281
China,CHN,1997,477.38095
China,CHN,1998,390.77094
China,CHN,1999,424.4534
China,CHN,2000,551.80725
China,CHN,2001,585.47455
China,CHN,2002,634.76434
China,CHN,2003,670.9215
China,CHN,2004,716.4776
China,CHN,2005,859.97614
China,CHN,2006,934.9307
China,CHN,2007,1080.5736
China,CHN,2008,1201.1188
China,CHN,2009,863.443
China,CHN,2010,901.126
China,CHN,2011,974.4219
China,CHN,2012,1031.2236
China,CHN,2013,1081.9646
China,CHN,2014,1104.0831
China,CHN,2015,1164.9403
China,CHN,2016,1210.7411
China,CHN,2017,1237.742
China,CHN,2018,1319.356
China,CHN,2019,1485.8175
China,CHN,2020,1601.9221
China,CHN,2021,1687.0568
Colombia,COL,2013,57.95972
Colombia,COL,2014,58.93096
Colombia,COL,2015,70.47698
Colombia,COL,2016,90.92885
Colombia,COL,2017,89.86123
Congo,COG,1996,51.08538
Congo,COG,1997,49.93815
Congo,COG,1998,41.51501
Congo,COG,1999,37.0241
Congo,COG,2000,33.3003
Costa Rica,CRI,2003,131.8527
Costa Rica,CRI,2004,108.74025
Costa Rica,CRI,2005,122.95395
Costa Rica,CRI,2008,260.57172
Costa Rica,CRI,2009,338.635
Costa Rica,CRI,2010,380.55005
Costa Rica,CRI,2011,404.63095
Costa Rica,CRI,2012,335.76138
Costa Rica,CRI,2013,353.4484
Costa Rica,CRI,2014,565.7264
Costa Rica,CRI,2015,493.0192
Costa Rica,CRI,2016,523.1185
Costa Rica,CRI,2017,378.87943
Costa Rica,CRI,2018,343.77863
Costa Rica,CRI,2020,365.69418
Costa Rica,CRI,2021,399.35022
Cote d'Ivoire,CIV,2005,67.65147
Croatia,HRV,1998,1010.53424
Croatia,HRV,1999,1192.0397
Croatia,HRV,2000,1479.435
Croatia,HRV,2001,1472.7472
Croatia,HRV,2002,1907.4011
Croatia,HRV,2003,1310.6978
Croatia,HRV,2004,1604.2734
Croatia,HRV,2005,1291.0027
Croatia,HRV,2006,1306.2716
Croatia,HRV,2007,1389.2153
Croatia,HRV,2008,1522.315
Croatia,HRV,2009,1579.4966
Croatia,HRV,2010,1623.344
Croatia,HRV,2011,1569.9764
Croatia,HRV,2012,1540.137
Croatia,HRV,2013,1511.0914
Croatia,HRV,2014,1423.5549
Croatia,HRV,2015,1490.7673
Croatia,HRV,2016,1837.3666
Croatia,HRV,2017,1856.8119
Croatia,HRV,2018,1912.0684
Croatia,HRV,2019,2127.9348
Croatia,HRV,2020,2214.7751
Croatia,HRV,2021,2330.9062
Cyprus,CYP,1998,349.5183
Cyprus,CYP,1999,407.11008
Cyprus,CYP,2000,438.81436
Cyprus,CYP,2001,477.38583
Cyprus,CYP,2002,616.5499
Cyprus,CYP,2003,686.54376
Cyprus,CYP,2004,806.48175
Cyprus,CYP,2005,930.3379
Cyprus,CYP,2006,1005.35876
Cyprus,CYP,2007,1054.2065
Cyprus,CYP,2008,1038.2142
Cyprus,CYP,2009,1095.4539
Cyprus,CYP,2010,1104.8173
Cyprus,CYP,2011,1091.9904
Cyprus,CYP,2012,1022.02875
Cyprus,CYP,2013,1026.7035
Cyprus,CYP,2014,1051.2821
Cyprus,CYP,2015,1010.6162
Cyprus,CYP,2016,1058.5641
Cyprus,CYP,2017,1209.6368
Cyprus,CYP,2018,1408.1802
Cyprus,CYP,2019,1657.7253
Cyprus,CYP,2020,1739.8551
Cyprus,CYP,2021,1743.2899
Czechia,CZE,1996,1258.0471
Czechia,CZE,1997,1222.8746
Czechia,CZE,1998,1223.4622
Czechia,CZE,1999,1319.6108
Czechia,CZE,2000,1352.5386
Czechia,CZE,2001,1465.3003
Czechia,CZE,2002,1463.3602
Czechia,CZE,2003,1543.2861
Czechia,CZE,2004,1589.847
Czechia,CZE,2005,2353.4465
Czechia,CZE,2006,2552.559
Czechia,CZE,2007,2701.5876
Czechia,CZE,2008,2875.9634
Czechia,CZE,2009,2765.169
Czechia,CZE,2010,2798.946
Czechia,CZE,2011,2925.6675
Czechia,CZE,2012,3161.8179
Czechia,CZE,2013,3258.8213
Czechia,CZE,2014,3428.2117
Czechia,CZE,2015,3619.2927
Czechia,CZE,2016,3547.2153
Czechia,CZE,2017,3721.122
Czechia,CZE,2018,3911.207
Czechia,CZE,2019,4033.886
Czechia,CZE,2020,4194.9453
Czechia,CZE,2021,4568.607
Democratic Republic of Congo,COD,2015,10.417
Denmark,DNK,1996,3183.4773
Denmark,DNK,1997,3324.9832
Denmark,DNK,1999,3567.9888
Denmark,DNK,2001,3635.1807
Denmark,DNK,2002,4757.177
Denmark,DNK,2003,4618.713
Denmark,DNK,2004,4840.8027
Denmark,DNK,2005,5193.6416
Denmark,DNK,2006,5295.859
Denmark,DNK,2007,5517.508
Denmark,DNK,2008,6502.25
Denmark,DNK,2009,6670.9136
Denmark,DNK,2010,6759.5967
Denmark,DNK,2011,7042.3447
Denmark,DNK,2012,7172.0503
Denmark,DNK,2013,7102.1606
Denmark,DNK,2014,7345.6
Denmark,DNK,2015,7561.0166
Denmark,DNK,2016,7873.9688
Denmark,DNK,2017,7683.442
Denmark,DNK,2018,7635.7773
Denmark,DNK,2019,7727.2393
Denmark,DNK,2020,7667.3037
Denmark,DNK,2021,7707.725
East Asia and Pacific (WB),,1996,899.60144
East Asia and Pacific (WB),,1997,884.38586
East Asia and Pacific (WB),,1998,872.73193
East Asia and Pacific (WB),,1999,861.0219
East Asia and Pacific (WB),,2000,937.6644
East Asia and Pacific (WB),,2001,913.8223
East Asia and Pacific (WB),,2002,981.36847
East Asia and Pacific (WB),,2003,1069.5131
East Asia and Pacific (WB),,2004,1223.5917
East Asia and Pacific (WB),,2005,1253.5503
East Asia and Pacific (WB),,2006,1457.7134
East Asia and Pacific (WB),,2007,1453.4546
East Asia and Pacific (WB),,2008,1691.9475
East Asia and Pacific (WB),,2009,1125.2783
East Asia and Pacific (WB),,2010,1473.6254
East Asia and Pacific (WB),,2011,1398.0205
East Asia and Pacific (WB),,2012,1569.2937
East Asia and Pacific (WB),,2013,1469.4581
East Asia and Pacific (WB),,2014,1643.512
East Asia and Pacific (WB),,2015,1547.0363
East Asia and Pacific (WB),,2016,1525.6936
East Asia and Pacific (WB),,2017,1493.9207
East Asia and Pacific (WB),,2018,1541.8734
East Asia and Pacific (WB),,2019,1726.6871
East Asia and Pacific (WB),,2020,1845.1838
East Asia and Pacific (WB),,2021,2109.8352
Ecuador,ECU,1996,84.24354
Ecuador,ECU,1997,78.43868
Ecuador,ECU,1998,83.84473
Ecuador,ECU,2001,40.36271
Ecuador,ECU,2002,42.44968
Ecuador,ECU,2003,48.92034
Ecuador,ECU,2006,70.92195
Ecuador,ECU,2007,65.39456
Ecuador,ECU,2008,103.76126
Ecuador,ECU,2009,118.93083
Ecuador,ECU,2010,141.95299
Ecuador,ECU,2011,181.06017
Ecuador,ECU,2012,283.2132
Ecuador,ECU,2013,352.95276
Ecuador,ECU,2014,402.29813
Egypt,EGY,2007,606.3421
Egypt,EGY,2008,420.69403
Egypt,EGY,2009,415.26904
Egypt,EGY,2010,472.0014
Egypt,EGY,2011,471.4794
Egypt,EGY,2012,495.29657
Egypt,EGY,2013,516.57227
Egypt,EGY,2014,646.059
Egypt,EGY,2015,643.4765
Egypt,EGY,2016,659.06476
Egypt,EGY,2017,647.85693
Egypt,EGY,2018,657.5918
Egypt,EGY,2019,791.01117
Egypt,EGY,2020,804.9107
Egypt,EGY,2021,821.7045
El Salvador,SLV,2015,64.29578
El Salvador,SLV,2016,66.97769
El Salvador,SLV,2017,65.01456
El Salvador,SLV,2018,72.8499
El Salvador,SLV,2019,75.00583
Estonia,EST,1998,2102.432
Estonia,EST,1999,2135.381
Estonia,EST,2000,1902.7106
Estonia,EST,2001,1925.1842
Estonia,EST,2002,2211.2268
Estonia,EST,2003,2194.0461
Estonia,EST,2004,2465.899
Estonia,EST,2005,2451.563
Estonia,EST,2006,2601.068
Estonia,EST,2007,2747.9482
Estonia,EST,2008,2973.1106
Estonia,EST,2009,3229.7842
Estonia,EST,2010,3057.5742
Estonia,EST,2011,3392.5967
Estonia,EST,2012,3457.5964
Estonia,EST,2013,3338.2166
Estonia,EST,2014,3285.4612
Estonia,EST,2015,3188.2612
Estonia,EST,2016,3296.2073
Estonia,EST,2017,3552.2305
Estonia,EST,2018,3765.6218
Estonia,EST,2019,3769.837
Estonia,EST,2020,3835.7188
Estonia,EST,2021,4038.195
Eswatini,SWZ,2015,139.10419
Ethiopia,ETH,2005,21.0534
Ethiopia,ETH,2007,19.98282
Ethiopia,ETH,2010,42.07121
Ethiopia,ETH,2013,44.55066
Ethiopia,ETH,2017,90.24062
Europe and Central Asia (WB),,1996,2287.2678
Europe and Central Asia (WB),,1997,2246.9722
Europe and Central Asia (WB),,1998,2186.0986
Europe and Central Asia (WB),,1999,2279.9446
Europe and Central Asia (WB),,2000,2266.6802
Europe and Central Asia (WB),,2001,2340.3555
Europe and Central Asia (WB),,2002,2350.7932
Europe and Central Asia (WB),,2003,2415.7542
Europe and Central Asia (WB),,2004,2535.5173
Europe and Central Asia (WB),,2005,2586.5693
Europe and Central Asia (WB),,2006,2578.6003
Europe and Central Asia (WB),,2007,2576.9087
Europe and Central Asia (WB),,2008,2646.1584
Europe and Central Asia (WB),,2009,2666.5842
Europe and Central Asia (WB),,2010,2717.3157
Europe and Central Asia (WB),,2011,2742.2178
Europe and Central Asia (WB),,2012,2818.6162
Europe and Central Asia (WB),,2013,2852.8357
Europe and Central Asia (WB),,2014,2891.0618
Europe and Central Asia (WB),,2015,3007.0496
Europe and Central Asia (WB),,2016,3023.7195
Europe and Central Asia (WB),,2017,3138.723
Europe and Central Asia (WB),,2018,3104.3308
Europe and Central Asia (WB),,2019,3185.9324
Europe and Central Asia (WB),,2020,3188.341
Europe and Central Asia (WB),,2021,3472.1228
European Union (27),,1996,1974.3671
European Union (27),,1997,1998.6852
European Union (27),,1998,1984.1154
European Union (27),,1999,2095.4568
European Union (27),,2000,2126.364
European Union (27),,2001,2242.6287
European Union (27),,2002,2276.956
European Union (27),,2003,2352.2512
European Union (27),,2004,2543.891
European Union (27),,2005,2617.1277
European Union (27),,2006,2706.816
European Union (27),,2007,2783.2808
European Union (27),,2008,2944.284
European Union (27),,2009,2996.457
European Union (27),,2010,3096.7783
European Union (27),,2011,3132.5667
European Union (27),,2012,3254.4133
European Union (27),,2013,3348.0735
European Union (27),,2014,3408.2876
European Union (27),,2015,3550.8772
European Union (27),,2016,3659.2332
European Union (27),,2017,3863.761
European Union (27),,2018,4030.6863
European Union (27),,2019,4177.6733
European Union (27),,2020,4244.2764
European Union (27),,2021,4450.462
Faeroe Islands,,2003,1826.0962
Finland,FIN,2004,7855.5347
Finland,FIN,2005,7558.746
Finland,FIN,2006,7689.1753
Finland,FIN,2007,7390.553
Finland,FIN,2008,7712.374
Finland,FIN,2009,7669.3022
Finland,FIN,2010,7741.0225
Finland,FIN,2011,7442.0996
Finland,FIN,2012,7492.547
Finland,FIN,2013,7223.025
Finland,FIN,2014,7022.443
Finland,FIN,2015,6856.335
Finland,FIN,2016,6543.966
Finland,FIN,2017,6731.792
Finland,FIN,2018,6872.984
Finland,FIN,2019,7246.272
Finland,FIN,2020,7548.5024
Finland,FIN,2021,7870.6533
France,FRA,1996,2691.7617
France,FRA,1997,2680.5657
France,FRA,1998,2687.2095
France,FRA,1999,2755.9773
France,FRA,2000,2941.622
France,FRA,2001,3014.6865
France,FRA,2002,3149.3284
France,FRA,2003,3237.3374
France,FRA,2004,3378.329
France,FRA,2005,3357.6338
France,FRA,2006,3468.9292
France,FRA,2007,3629.139
France,FRA,2008,3700.3896
France,FRA,2009,3785.363
France,FRA,2010,3910.7458
France,FRA,2011,3980.5386
France,FRA,2012,4114.0244
France,FRA,2013,4199.8374
France,FRA,2014,4282.457
France,FRA,2015,4386.2363
France,FRA,2016,4467.428
France,FRA,2017,4624.697
France,FRA,2018,4756.584
France,FRA,2019,4870.456
France,FRA,2020,4986.18
France,FRA,2021,5175.0054
Gambia,GMB,2008,86.48627
Gambia,GMB,2009,96.81479
Gambia,GMB,2011,29.78849
Gambia,GMB,2018,49.97694
Georgia,GEO,2013,604.1831
Georgia,GEO,2014,1131.9813
Georgia,GEO,2015,1366.2043
Georgia,GEO,2016,1391.4246
Georgia,GEO,2017,1389.6056
Georgia,GEO,2018,1553.3062
Georgia,GEO,2019,1799.8718
Georgia,GEO,2020,1812.3901
Georgia,GEO,2021,1717.3708
Germany,DEU,1996,2833.9329
Germany,DEU,1997,2897.5835
Germany,DEU,1998,2916.8394
Germany,DEU,1999,3123.0376
Germany,DEU,2000,3161.7085
Germany,DEU,2001,3242.3267
Germany,DEU,2002,3262.002
Germany,DEU,2003,3303.9773
Germany,DEU,2004,3323.917
Germany,DEU,2005,3349.9592
Germany,DEU,2006,3446.7146
Germany,DEU,2007,3583.2354
Germany,DEU,2008,3727.236
Germany,DEU,2009,3905.9036
Germany,DEU,2010,4035.2136
Germany,DEU,2011,4162.499
Germany,DEU,2012,4325.2207
Germany,DEU,2013,4343.3174
Germany,DEU,2014,4304.865
Germany,DEU,2015,4733.3584
Germany,DEU,2016,4862.625
Germany,DEU,2017,5087.2544
Germany,DEU,2018,5239.9717
Germany,DEU,2019,5428.2153
Germany,DEU,2020,5413.824
Germany,DEU,2021,5535.954
Ghana,GHA,2007,16.76407
Ghana,GHA,2010,37.22973
Ghana,GHA,2015,86.97999
Greece,GRC,1997,1011.4231
Greece,GRC,1999,1344.4863
Greece,GRC,2001,1299.693
Greece,GRC,2003,1407.4183
Greece,GRC,2005,1762.6475
Greece,GRC,2006,1791.5822
Greece,GRC,2007,1893.0109
Greece,GRC,2011,2238.7034
Greece,GRC,2012,2257.051
Greece,GRC,2013,2671.81
Greece,GRC,2014,2743.655
Greece,GRC,2015,3202.904
Greece,GRC,2016,2728.3442
Greece,GRC,2017,3264.146
Greece,GRC,2018,3441.065
Greece,GRC,2019,3684.8691
Greece,GRC,2020,4073.5474
Greece,GRC,2021,4326.3066
Greenland,GRL,2001,536.5074
Greenland,GRL,2002,539.99506
Greenland,GRL,2003,647.8605
Greenland,GRL,2004,702.3535
Guam,GUM,2003,276.0279
Guam,GUM,2004,305.35657
Guam,GUM,2005,292.21075
Guatemala,GTM,2005,29.85844
Guatemala,GTM,2006,24.48953
Guatemala,GTM,2007,34.4552
Guatemala,GTM,2008,39.01909
Guatemala,GTM,2009,39.23645
Guatemala,GTM,2010,25.20956
Guatemala,GTM,2011,25.19244
Guatemala,GTM,2012,27.43665
Guatemala,GTM,2013,17.73949
Guatemala,GTM,2014,20.74679
Guatemala,GTM,2015,22.70032
Guatemala,GTM,2016,22.67179
Guatemala,GTM,2017,14.47812
Guatemala,GTM,2018,13.27843
Guatemala,GTM,2019,14.95745
Guatemala,GTM,2020,17.29424
Guatemala,GTM,2021,14.51904
High-income countries,,1996,2818.6272
High-income countries,,1997,2842.7239
High-income countries,,1998,2920.6562
High-income countries,,1999,2981.256
High-income countries,,2000,3039.8306
High-income countries,,2001,3128.2034
High-income countries,,2002,3154.8796
High-income countries,,2003,3303.2576
High-income countries,,2004,3379.5972
High-income countries,,2005,3442.6948
High-income countries,,2006,3540.3018
High-income countries,,2007,3519.6345
High-income countries,,2008,3621.3435
High-income countries,,2009,3665.935
High-income countries,,2010,3694.3535
High-income countries,,2011,3717.0833
High-income countries,,2012,3772.866
High-income countries,,2013,3862.0828
High-income countries,,2014,3971.4417
High-income countries,,2015,4022.217
High-income countries,,2016,4064.113
High-income countries,,2017,4238.8506
High-income countries,,2018,4388.637
High-income countries,,2019,4523.625
High-income countries,,2020,4476.3193
Honduras,HND,2015,22.14679
Honduras,HND,2017,34.2629
Honduras,HND,2018,201.23932
Honduras,HND,2019,187.42656
Hong Kong,HKG,1998,1049.746
Hong Kong,HKG,1999,1200.984
Hong Kong,HKG,2000,1155.5592
Hong Kong,HKG,2001,1350.4619
Hong Kong,HKG,2002,1558.0599
Hong Kong,HKG,2003,1964.8204
Hong Kong,HKG,2004,2113.8298
Hong Kong,HKG,2005,2601.4612
Hong Kong,HKG,2006,2638.4617
Hong Kong,HKG,2007,2802.9543
Hong Kong,HKG,2008,2625.5657
Hong Kong,HKG,2009,2725.7832
Hong Kong,HKG,2010,3049.5188
Hong Kong,HKG,2011,3023.5042
Hong Kong,HKG,2012,3123.0093
Hong Kong,HKG,2013,3294.8633
Hong Kong,HKG,2014,3497.273
Hong Kong,HKG,2015,3472.3098
Hong Kong,HKG,2016,3651.508
Hong Kong,HKG,2017,3709.2651
Hong Kong,HKG,2018,3972.1528
Hong Kong,HKG,2019,4235.057
Hong Kong,HKG,2020,4349.294
Hong Kong,HKG,2021,4585.462
Hungary,HUN,1996,1008.6259
Hungary,HUN,1997,1083.1707
Hungary,HUN,1998,1141.715
Hungary,HUN,1999,1227.5741
Hungary,HUN,2000,1410.4899
Hungary,HUN,2001,1439.1642
Hungary,HUN,2002,1472.1691
Hungary,HUN,2003,1498.293
Hungary,HUN,2004,1474.9727
Hungary,HUN,2005,1574.5126
Hungary,HUN,2006,1743.7736
Hungary,HUN,2007,1730.1956
Hungary,HUN,2008,1844.704
Hungary,HUN,2009,2003.1665
Hungary,HUN,2010,2133.983
Hungary,HUN,2011,2308.2168
Hungary,HUN,2012,2399.5718
Hungary,HUN,2013,2526.4375
Hungary,HUN,2014,2653.4382
Hungary,HUN,2015,2568.3477
Hungary,HUN,2016,2624.606
Hungary,HUN,2017,2901.0154
Hungary,HUN,2018,3845.4915
Hungary,HUN,2019,4020.5776
Hungary,HUN,2020,4308.954
Hungary,HUN,2021,4452.152
Iceland,ISL,1996,3318.716
Iceland,ISL,1997,4964.5127
Iceland,ISL,1998,5187.8955
Iceland,ISL,1999,5716.491
Iceland,ISL,2001,6555.77
Iceland,ISL,2003,6639.007
Iceland,ISL,2005,7332.909
Iceland,ISL,2006,7994.137
Iceland,ISL,2007,7170.946
Iceland,ISL,2008,7308.432
Iceland,ISL,2009,7836.3965
Iceland,ISL,2011,7085.085
Iceland,ISL,2013,5737.3345
Iceland,ISL,2015,5903.8535
Iceland,ISL,2016,6629.243
Iceland,ISL,2017,6054.681
Iceland,ISL,2018,5879.2656
Iceland,ISL,2021,6940.417
India,IND,1996,153.34789
India,IND,1998,116.14807
India,IND,2000,110.414
India,IND,2005,135.14468
India,IND,2010,156.49808
India,IND,2015,215.18774
India,IND,2018,251.01398
India,IND,2020,260.38327
Indonesia,IDN,2000,211.6455
Indonesia,IDN,2001,198.1533
Indonesia,IDN,2009,89.15325
Indonesia,IDN,2016,179.60323
Indonesia,IDN,2017,216.37347
Indonesia,IDN,2018,217.51868
Indonesia,IDN,2019,391.34137
Indonesia,IDN,2020,399.6076
Iran,IRN,2006,714.5546
Iran,IRN,2008,745.1828
Iran,IRN,2009,707.9636
Iran,IRN,2010,732.4644
Iran,IRN,2012,685.876
Iran,IRN,2013,667.2188
Iran,IRN,2015,800.89026
Iran,IRN,2017,1417.976
Iran,IRN,2019,1597.3394
Iraq,IRQ,2007,367.19473
Iraq,IRQ,2008,388.1809
Iraq,IRQ,2009,404.147
Iraq,IRQ,2010,417.6208
Iraq,IRQ,2011,426.88565
Iraq,IRQ,2014,66.08108
Iraq,IRQ,2015,62.82107
Iraq,IRQ,2016,61.98544
Iraq,IRQ,2017,101.61423
Iraq,IRQ,2018,106.5256
Iraq,IRQ,2019,117.28555
Iraq,IRQ,2020,135.29593
Iraq,IRQ,2021,162.45589
Ireland,IRL,1996,1787.1039
Ireland,IRL,1997,1946.3464
Ireland,IRL,1998,2109.488
Ireland,IRL,1999,2130.1318
Ireland,IRL,2000,2275.8308
Ireland,IRL,2001,2357.4995
Ireland,IRL,2002,2427.7168
Ireland,IRL,2003,2556.7625
Ireland,IRL,2004,2758.7346
Ireland,IRL,2005,2844.8674
Ireland,IRL,2006,2919.3074
Ireland,IRL,2007,2952.1658
Ireland,IRL,2008,3281.339
Ireland,IRL,2009,3163.4817
Ireland,IRL,2010,3140.2175
Ireland,IRL,2011,3367.0479
Ireland,IRL,2012,4911.5435
Ireland,IRL,2013,5181.936
Ireland,IRL,2014,5332.2666
Ireland,IRL,2015,5282.9497
Ireland,IRL,2016,5184.7153
Ireland,IRL,2017,5155.3706
Ireland,IRL,2018,4749.617
Ireland,IRL,2019,4836.074
Ireland,IRL,2020,4858.6074
Ireland,IRL,2021,5250.682
Italy,ITA,1996,1343.7952
Italy,ITA,1997,1154.2773
Italy,ITA,1998,1147.8085
Italy,ITA,1999,1143.2856
Italy,ITA,2000,1160.8279
Italy,ITA,2001,1170.5789
Italy,ITA,2002,1249.6859
Italy,ITA,2003,1229.4303
Italy,ITA,2004,1249.2749
Italy,ITA,2005,1420.3074
Italy,ITA,2006,1516.2423
Italy,ITA,2007,1588.7064
Italy,ITA,2008,1622.6431
Italy,ITA,2009,1713.6233
Italy,ITA,2010,1732.5183
Italy,ITA,2011,1770.6945
Italy,ITA,2012,1841.7535
Italy,ITA,2013,1927.1466
Italy,ITA,2014,1958.3632
Italy,ITA,2015,2087.5576
Italy,ITA,2016,2222.2085
Italy,ITA,2017,2336.939
Italy,ITA,2018,2541.0383
Italy,ITA,2019,2688.6467
Italy,ITA,2020,2632.2798
Italy,ITA,2021,2677.8408
Japan,JPN,1996,4916.5757
Japan,JPN,1997,4968.3853
Japan,JPN,1998,5174.262
Japan,JPN,1999,5211.033
Japan,JPN,2000,5112.4795
Japan,JPN,2001,5144.216
Japan,JPN,2002,4898.5093
Japan,JPN,2003,5120.0405
Japan,JPN,2004,5123.815
Japan,JPN,2005,5327.7236
Japan,JPN,2006,5357.1826
Japan,JPN,2007,5347.84
Japan,JPN,2008,5128.175
Japan,JPN,2009,5117.223
Japan,JPN,2010,5119.994
Japan,JPN,2011,5126.9033
Japan,JPN,2012,5052.1494
Japan,JPN,2013,5169.265
Japan,JPN,2014,5352.762
Japan,JPN,2015,5198.0977
Japan,JPN,2016,5235.1567
Japan,JPN,2017,5331.2715
Japan,JPN,2018,5361.966
Japan,JPN,2019,5409.5356
Japan,JPN,2020,5495.251
Japan,JPN,2021,5638.418
Jordan,JOR,1998,1897.4104
Jordan,JOR,2015,255.61433
Jordan,JOR,2016,575.3208
Jordan,JOR,2017,577.9223
Kazakhstan,KAZ,2007,401.13412
Kazakhstan,KAZ,2008,370.9917
Kazakhstan,KAZ,2009,343.22067
Kazakhstan,KAZ,2010,364.7686
Kazakhstan,KAZ,2011,380.018
Kazakhstan,KAZ,2012,603.8299
Kazakhstan,KAZ,2013,728.81537
Kazakhstan,KAZ,2014,791.0587
Kazakhstan,KAZ,2015,770.846
Kazakhstan,KAZ,2016,688.8422
Kazakhstan,KAZ,2017,661.7259
Kazakhstan,KAZ,2018,662.9862
Kazakhstan,KAZ,2019,633.65204
Kazakhstan,KAZ,2020,686.1757
Kazakhstan,KAZ,2021,626.47174
Kenya,KEN,2007,56.1761
Kenya,KEN,2010,227.22769
Kuwait,KWT,1997,192.21832
Kuwait,KWT,1998,184.30276
Kuwait,KWT,1999,176.35378
Kuwait,KWT,2000,169.96301
Kuwait,KWT,2001,171.12247
Kuwait,KWT,2002,171.30054
Kuwait,KWT,2003,172.5396
Kuwait,KWT,2004,175.27158
Kuwait,KWT,2005,176.24097
Kuwait,KWT,2006,171.0319
Kuwait,KWT,2007,193.85194
Kuwait,KWT,2008,156.2809
Kuwait,KWT,2009,147.62202
Kuwait,KWT,2010,141.91425
Kuwait,KWT,2011,136.14754
Kuwait,KWT,2012,134.29738
Kuwait,KWT,2014,606.7474
Kuwait,KWT,2015,404.7361
Kuwait,KWT,2016,465.2199
Kuwait,KWT,2017,504.9046
Kuwait,KWT,2018,503.72784
Kuwait,KWT,2019,175.58415
Kuwait,KWT,2020,165.83263
Laos,LAO,2002,15.63722
Latin America and Caribbean (WB),,2000,297.74475
Latin America and Caribbean (WB),,2001,307.33118
Latin America and Caribbean (WB),,2002,356.7196
Latin America and Caribbean (WB),,2003,381.57385
Latin America and Caribbean (WB),,2005,459.57422
Latin America and Caribbean (WB),,2006,458.60748
Latin America and Caribbean (WB),,2007,471.38788
Latin America and Caribbean (WB),,2008,486.6793
Latin America and Caribbean (WB),,2009,509.23465
Latin America and Caribbean (WB),,2010,539.3892
Latin America and Caribbean (WB),,2011,572.3881
Latin America and Caribbean (WB),,2012,580.8013
Latin America and Caribbean (WB),,2013,559.2895
Latin America and Caribbean (WB),,2014,584.40326
Latvia,LVA,1996,1112.5724
Latvia,LVA,1997,1037.0184
Latvia,LVA,1998,1030.6631
Latvia,LVA,1999,1074.5793
Latvia,LVA,2000,1583.2598
Latvia,LVA,2001,1471.7363
Latvia,LVA,2002,1473.279
Latvia,LVA,2003,1386.6437
Latvia,LVA,2004,1458.6688
Latvia,LVA,2005,1459.9021
Latvia,LVA,2006,1773.9473
Latvia,LVA,2007,1898.5125
Latvia,LVA,2008,2020.812
Latvia,LVA,2009,1693.3799
Latvia,LVA,2010,1842.7756
Latvia,LVA,2011,1889.5483
Latvia,LVA,2012,1890.4755
Latvia,LVA,2013,1775.0613
Latvia,LVA,2014,1854.7202
Latvia,LVA,2015,1805.3374
Latvia,LVA,2016,1589.8147
Latvia,LVA,2017,1772.6136
Latvia,LVA,2018,1776.5039
Latvia,LVA,2019,1885.9038
Latvia,LVA,2020,2135.0178
Latvia,LVA,2021,2404.524
Lesotho,LSO,2002,6.0026
Lesotho,LSO,2003,7.51529
Lesotho,LSO,2004,10.0496
Lesotho,LSO,2009,22.87199
Lesotho,LSO,2011,5.86321
Lesotho,LSO,2015,23.57219
Lithuania,LTU,1996,2016.5614
Lithuania,LTU,1997,2103.008
Lithuania,LTU,1998,2291.8818
Lithuania,LTU,1999,2339.322
Lithuania,LTU,2000,2149.7173
Lithuania,LTU,2001,2254.5864
Lithuania,LTU,2002,1787.6642
Lithuania,LTU,2003,1891.264
Lithuania,LTU,2004,2134.3713
Lithuania,LTU,2005,2247.0132
Lithuania,LTU,2006,2383.2761
Lithuania,LTU,2007,2567.6787
Lithuania,LTU,2008,2596.9236
Lithuania,LTU,2009,2651.9226
Lithuania,LTU,2010,2721.6272
Lithuania,LTU,2011,2690.37
Lithuania,LTU,2012,2603.9697
Lithuania,LTU,2013,2809.6113
Lithuania,LTU,2014,3014.187
Lithuania,LTU,2015,2741.4385
Lithuania,LTU,2016,2891.3635
Lithuania,LTU,2017,2994.6099
Lithuania,LTU,2018,3092.7454
Lithuania,LTU,2019,3364.4673
Lithuania,LTU,2020,3590.7473
Lithuania,LTU,2021,3935.0852
Lower-middle-income countries,,2015,305.3687
Luxembourg,LUX,2000,3804.618
Luxembourg,LUX,2003,4349.9126
Luxembourg,LUX,2004,4466.7524
Luxembourg,LUX,2005,4831.547
Luxembourg,LUX,2006,4381.9194
Luxembourg,LUX,2007,4622.9443
Luxembourg,LUX,2008,4729.182
Luxembourg,LUX,2009,4855.4253
Luxembourg,LUX,2010,5203.421
Luxembourg,LUX,2011,5529.6567
Luxembourg,LUX,2012,4405.272
Luxembourg,LUX,2013,4664.503
Luxembourg,LUX,2014,4785.046
Luxembourg,LUX,2015,4637.839
Luxembourg,LUX,2016,4802.845
Luxembourg,LUX,2017,4971.165
Luxembourg,LUX,2018,4756.47
Luxembourg,LUX,2019,5092.308
Luxembourg,LUX,2020,4690.3027
Luxembourg,LUX,2021,4940.6035
Macao,MAC,2001,262.77432
Macao,MAC,2002,236.87595
Macao,MAC,2003,322.10675
Macao,MAC,2004,521.10205
Macao,MAC,2005,617.15204
Macao,MAC,2006,554.5402
Macao,MAC,2007,384.82715
Macao,MAC,2008,383.43677
Macao,MAC,2009,559.5598
Macao,MAC,2010,635.829
Macao,MAC,2011,595.73895
Macao,MAC,2012,719.48425
Macao,MAC,2013,896.7138
Macao,MAC,2014,1016.8178
Macao,MAC,2015,1261.1018
Macao,MAC,2016,2614.0886
Macao,MAC,2017,3176.7012
Macao,MAC,2018,3471.4294
Macao,MAC,2019,3628.892
Macao,MAC,2020,3866.368
Macao,MAC,2021,4131.5005
Madagascar,MDG,1998,14.18792
Madagascar,MDG,1999,14.65547
Madagascar,MDG,2000,15.02566
Madagascar,MDG,2001,49.93868
Madagascar,MDG,2002,46.46461
Madagascar,MDG,2003,46.60823
Madagascar,MDG,2004,47.15331
Madagascar,MDG,2005,47.46821
Madagascar,MDG,2006,47.1503
Madagascar,MDG,2007,47.72355
Madagascar,MDG,2008,46.00315
Madagascar,MDG,2009,44.68749
Madagascar,MDG,2010,51.30003
Madagascar,MDG,2011,50.1835
Madagascar,MDG,2016,24.43313
Madagascar,MDG,2017,30.30991
Madagascar,MDG,2018,33.72828
Malawi,MWI,2007,30.49596
Malawi,MWI,2010,50.46688
Malaysia,MYS,1996,92.79446
Malaysia,MYS,1998,158.65529
Malaysia,MYS,2000,283.5982
Malaysia,MYS,2002,300.20663
Malaysia,MYS,2004,506.0544
Malaysia,MYS,2006,369.77966
Malaysia,MYS,2008,596.89026
Malaysia,MYS,2009,1059.4865
Malaysia,MYS,2010,1448.0648
Malaysia,MYS,2011,1632.0297
Malaysia,MYS,2012,1769.1953
Malaysia,MYS,2014,2020.0774
Malaysia,MYS,2015,2265.2007
Malaysia,MYS,2016,2349.7727
Malaysia,MYS,2018,2139.5198
Malaysia,MYS,2020,726.4572
Mali,MLI,2006,38.28852
Mali,MLI,2010,28.96691
Mali,MLI,2015,30.16921
Mali,MLI,2017,32.0137
Mali,MLI,2019,56.61281
Mali,MLI,2021,29.31642
Malta,MLT,2002,674.0231
Malta,MLT,2003,680.0542
Malta,MLT,2004,1068.6589
Malta,MLT,2005,1169.408
Malta,MLT,2006,1268.2355
Malta,MLT,2007,1195.3701
Malta,MLT,2008,1311.2799
Malta,MLT,2009,1192.577
Malta,MLT,2010,1408.4473
Malta,MLT,2011,1773.0707
Malta,MLT,2012,1965.277
Malta,MLT,2013,1855.0521
Malta,MLT,2014,1784.2627
Malta,MLT,2015,1817.2028
Malta,MLT,2016,1939.755
Malta,MLT,2017,1970.4496
Malta,MLT,2018,1866.1251
Malta,MLT,2019,1886.7773
Malta,MLT,2020,1983.9285
Malta,MLT,2021,2160.7266
Mauritius,MUS,2012,177.00517
Mauritius,MUS,2018,463.61584
Mauritius,MUS,2019,540.2602
Mauritius,MUS,2020,552.95844
Mauritius,MUS,2021,556.9283
Mexico,MEX,1996,219.13554
Mexico,MEX,1997,231.81302
Mexico,MEX,1998,221.6711
Mexico,MEX,1999,228.96162
Mexico,MEX,2000,228.88863
Mexico,MEX,2001,237.14062
Mexico,MEX,2002,310.8419
Mexico,MEX,2003,330.03427
Mexico,MEX,2004,385.0033
Mexico,MEX,2005,419.4501
Mexico,MEX,2006,341.56055
Mexico,MEX,2007,352.50253
Mexico,MEX,2008,345.29877
Mexico,MEX,2009,389.3677
Mexico,MEX,2010,344.54095
Mexico,MEX,2011,351.41016
Mexico,MEX,2012,253.05754
Mexico,MEX,2013,256.73706
Mexico,MEX,2014,265.29367
Mexico,MEX,2015,286.9425
Mexico,MEX,2016,321.8083
Mexico,MEX,2017,320.14697
Mexico,MEX,2018,317.40692
Mexico,MEX,2019,335.1387
Mexico,MEX,2020,357.97888
Middle-income countries,,2000,484.6329
Middle-income countries,,2005,585.631
Middle-income countries,,2010,655.00275
Middle-income countries,,2015,740.52423
Middle-income countries,,2018,812.4102
Middle-income countries,,2020,945.2584
Moldova,MDA,2003,756.43005
Moldova,MDA,2004,755.3844
Moldova,MDA,2005,717.4131
Moldova,MDA,2006,698.3411
Moldova,MDA,2007,723.7979
Moldova,MDA,2008,820.947
Moldova,MDA,2009,801.9595
Moldova,MDA,2010,760.1661
Moldova,MDA,2011,777.1533
Moldova,MDA,2012,768.6384
Moldova,MDA,2013,736.90186
Moldova,MDA,2014,925.31213
Moldova,MDA,2015,946.483
Moldova,MDA,2016,912.00964
Moldova,MDA,2017,923.49384
Moldova,MDA,2018,903.41785
Moldova,MDA,2019,823.5336
Moldova,MDA,2020,774.6792
Moldova,MDA,2021,781.2417
Monaco,MCO,2004,278.80176
Monaco,MCO,2005,310.63617
Mongolia,MNG,2020,332.19113
Montenegro,MNE,2011,643.8455
Montenegro,MNE,2013,637.6494
Montenegro,MNE,2014,663.70917
Montenegro,MNE,2015,824.98914
Montenegro,MNE,2016,708.5841
Montenegro,MNE,2017,696.82666
Montenegro,MNE,2018,757.903
Montenegro,MNE,2019,743.3801
Morocco,MAR,2006,651.94977
Morocco,MAR,2007,643.3404
Morocco,MAR,2008,658.6289
Morocco,MAR,2010,721.87714
Morocco,MAR,2011,848.02924
Morocco,MAR,2012,853.2293
Morocco,MAR,2014,1029.2516
Morocco,MAR,2016,1080.7068
Mozambique,MOZ,2006,16.46355
Mozambique,MOZ,2008,20.58582
Mozambique,MOZ,2009,12.31576
Mozambique,MOZ,2010,40.11925
Mozambique,MOZ,2015,43.95184
Myanmar,MMR,1997,7.52888
Myanmar,MMR,1998,7.59396
Myanmar,MMR,1999,11.38731
Myanmar,MMR,2001,12.53821
Myanmar,MMR,2002,18.09746
Myanmar,MMR,2017,29.79052
Myanmar,MMR,2018,33.86079
Myanmar,MMR,2019,30.17835
Myanmar,MMR,2020,32.55807
Myanmar,MMR,2021,18.96736
Namibia,NAM,2014,152.83038
Nepal,NPL,2002,59.63873
Netherlands,NLD,1996,2293.5327
Netherlands,NLD,1997,2441.8516
Netherlands,NLD,1998,2493.0237
Netherlands,NLD,1999,2650.9531
Netherlands,NLD,2000,2661.0867
Netherlands,NLD,2001,2860.2446
Netherlands,NLD,2002,2738.605
Netherlands,NLD,2003,2721.9653
Netherlands,NLD,2004,2994.8013
Netherlands,NLD,2005,2948.4788
Netherlands,NLD,2006,3262.0173
Netherlands,NLD,2007,3121.2717
Netherlands,NLD,2008,3088.4565
Netherlands,NLD,2009,2846.486
Netherlands,NLD,2010,3239.8857
Netherlands,NLD,2011,3681.8628
Netherlands,NLD,2012,4373.735
Netherlands,NLD,2013,4920.6885
Netherlands,NLD,2014,4950.7935
Netherlands,NLD,2015,4911.1274
Netherlands,NLD,2016,5128.7715
Netherlands,NLD,2017,5302.3447
Netherlands,NLD,2018,5535.476
Netherlands,NLD,2019,5640.2456
Netherlands,NLD,2020,5865.7266
Netherlands,NLD,2021,6074.3105
New Zealand,NZL,1997,2200.7227
New Zealand,NZL,1999,2293.1084
New Zealand,NZL,2001,2670.812
New Zealand,NZL,2003,3102.2393
New Zealand,NZL,2005,3161.056
New Zealand,NZL,2007,3474.11
New Zealand,NZL,2009,3761.6787
New Zealand,NZL,2011,3732.6182
New Zealand,NZL,2013,4045.2534
New Zealand,NZL,2015,5492.042
New Zealand,NZL,2017,5098.764
New Zealand,NZL,2019,5724.1313
New Zealand,NZL,2021,5102.27
Nicaragua,NIC,1997,70.0301
Niger,NER,2001,9.21913
Niger,NER,2002,8.497
Niger,NER,2003,7.89053
Niger,NER,2004,8.07425
Niger,NER,2005,7.42341
Niger,NER,2013,26.7567
Nigeria,NGA,2007,38.80536
North America (WB),,1996,3144.66
North America (WB),,1997,3243.1646
North America (WB),,1998,3396.2395
North America (WB),,1999,3456.0664
North America (WB),,2000,3484.3862
North America (WB),,2001,3535.2947
North America (WB),,2002,3577.3066
North America (WB),,2003,3778.5986
North America (WB),,2004,3671.6025
North America (WB),,2005,3618.311
North America (WB),,2006,3660.3455
North America (WB),,2007,3641.9097
North America (WB),,2008,3769.5964
North America (WB),,2009,3855.9082
North America (WB),,2010,3662.8953
North America (WB),,2011,3780.0945
North America (WB),,2012,3752.8762
North America (WB),,2013,3829.941
North America (WB),,2014,3912.62
North America (WB),,2015,3945.6624
North America (WB),,2016,3890.552
North America (WB),,2017,4009.9556
North America (WB),,2018,4312.5205
North America (WB),,2019,4369.02
North America (WB),,2020,4516.0107
North Macedonia,MKD,1997,612.0502
North Macedonia,MKD,1998,684.54584
North Macedonia,MKD,1999,672.26624
North Macedonia,MKD,2000,652.54895
North Macedonia,MKD,2001,606.2467
North Macedonia,MKD,2002,564.6659
North Macedonia,MKD,2003,540.5986
North Macedonia,MKD,2004,515.3777
North Macedonia,MKD,2005,535.72925
North Macedonia,MKD,2006,510.6302
North Macedonia,MKD,2007,498.47098
North Macedonia,MKD,2008,464.3559
North Macedonia,MKD,2009,427.71353
North Macedonia,MKD,2010,526.78906
North Macedonia,MKD,2011,440.24435
North Macedonia,MKD,2012,604.7834
North Macedonia,MKD,2013,667.3636
North Macedonia,MKD,2014,827.2383
North Macedonia,MKD,2015,847.24243
North Macedonia,MKD,2016,842.85205
North Macedonia,MKD,2017,719.2336
North Macedonia,MKD,2018,788.03723
North Macedonia,MKD,2019,775.3953
North Macedonia,MKD,2020,775.2372
North Macedonia,MKD,2021,743.68665
Norway,NOR,1997,3981.439
Norway,NOR,1999,4115.3345
Norway,NOR,2001,4370.8643
Norway,NOR,2003,4513.2734
Norway,NOR,2004,4513.5796
Norway,NOR,2005,4602.0117
Norway,NOR,2006,4865.6304
Norway,NOR,2007,5201.405
Norway,NOR,2008,5398.925
Norway,NOR,2009,5473.886
Norway,NOR,2010,5444.048
Norway,NOR,2011,5533.268
Norway,NOR,2012,5583.4526
Norway,NOR,2013,5604.371
Norway,NOR,2014,5722.012
Norway,NOR,2015,5929.217
Norway,NOR,2016,6120.13
Norway,NOR,2017,6395.44
Norway,NOR,2018,6483.526
Norway,NOR,2019,6736.8516
Norway,NOR,2020,6765.3325
Norway,NOR,2021,7227.9307
Oman,OMN,2011,158.95203
Oman,OMN,2012,179.05363
Oman,OMN,2013,134.38907
Oman,OMN,2014,182.16132
Oman,OMN,2015,222.01292
Oman,OMN,2016,249.89384
Oman,OMN,2017,251.4721
Oman,OMN,2018,296.09372
Oman,OMN,2019,382.4452
Oman,OMN,2020,372.68234
Oman,OMN,2021,330.34503
Pakistan,PAK,1997,71.63538
Pakistan,PAK,2005,73.53751
Pakistan,PAK,2007,146.36517
Pakistan,PAK,2009,146.8488
Pakistan,PAK,2011,133.36581
Pakistan,PAK,2013,148.37794
Pakistan,PAK,2015,265.24503
Pakistan,PAK,2017,324.85583
Pakistan,PAK,2019,374.40652
Pakistan,PAK,2021,415.30243
Palestine,PSE,2007,76.25146
Palestine,PSE,2008,96.44775
Palestine,PSE,2009,147.12213
Palestine,PSE,2010,332.5851
Palestine,PSE,2013,588.83167
Panama,PAN,1996,113.97376
Panama,PAN,1997,116.73109
Panama,PAN,1998,161.39275
Panama,PAN,1999,98.83434
Panama,PAN,2000,96.22266
Panama,PAN,2001,91.05335
Panama,PAN,2002,96.08982
Panama,PAN,2003,96.47354
Panama,PAN,2004,86.23661
Panama,PAN,2005,105.05328
Panama,PAN,2006,106.67603
Panama,PAN,2007,168.23827
Panama,PAN,2008,133.68799
Panama,PAN,2009,111.70128
Panama,PAN,2011,119.80913
Panama,PAN,2012,38.15632
Panama,PAN,2013,39.59674
Papua New Guinea,PNG,2016,33.39192
Paraguay,PRY,2001,92.99634
Paraguay,PRY,2002,86.63513
Paraguay,PRY,2003,86.14737
Paraguay,PRY,2004,91.93385
Paraguay,PRY,2005,76.95622
Paraguay,PRY,2008,82.95591
Paraguay,PRY,2011,54.60875
Paraguay,PRY,2012,183.75143
Paraguay,PRY,2014,166.09875
Paraguay,PRY,2015,199.22284
Paraguay,PRY,2016,131.92398
Paraguay,PRY,2017,147.04097
Paraguay,PRY,2018,151.8835
Paraguay,PRY,2019,168.95293
Paraguay,PRY,2020,140.87852
Philippines,PHL,2002,54.35234
Philippines,PHL,2003,71.36366
Philippines,PHL,2005,80.70787
Philippines,PHL,2007,78.41071
Philippines,PHL,2009,81.48342
Philippines,PHL,2011,84.17911
Philippines,PHL,2013,186.91063
Philippines,PHL,2015,105.66805
Philippines,PHL,2018,172.00786
Poland,POL,1996,1366.4567
Poland,POL,1997,1447.9196
Poland,POL,1998,1463.3396
Poland,POL,1999,1470.7957
Poland,POL,2000,1439.0383
Poland,POL,2001,1452.0542
Poland,POL,2002,1467.3644
Poland,POL,2003,1516.5433
Poland,POL,2004,1578.6206
Poland,POL,2005,1610.9944
Poland,POL,2006,1544.711
Poland,POL,2007,1593.4926
Poland,POL,2008,1604.7054
Poland,POL,2009,1585.8749
Poland,POL,2010,1672.1477
Poland,POL,2011,1660.8295
Poland,POL,2012,1734.569
Poland,POL,2013,1850.4167
Poland,POL,2014,2037.3788
Poland,POL,2015,2141.1824
Poland,POL,2016,2288.0818
Poland,POL,2017,2973.766
Poland,POL,2018,3056.7678
Poland,POL,2019,3136.3904
Poland,POL,2020,3238.2092
Poland,POL,2021,3534.4985
Portugal,PRT,1996,1253.5173
Portugal,PRT,1997,1349.786
Portugal,PRT,1998,1447.389
Portugal,PRT,1999,1543.5459
Portugal,PRT,2000,1631.098
Portugal,PRT,2001,1714.35
Portugal,PRT,2002,1824.5746
Portugal,PRT,2003,1935.6532
Portugal,PRT,2004,1971.9384
Portugal,PRT,2005,2009.3812
Portugal,PRT,2006,2340.4055
Portugal,PRT,2007,2669.4167
Portugal,PRT,2008,3820.7112
Portugal,PRT,2009,3762.9468
Portugal,PRT,2010,3918.487
Portugal,PRT,2011,4164.08
Portugal,PRT,2012,4028.4014
Portugal,PRT,2013,3603.1543
Portugal,PRT,2014,3656.646
Portugal,PRT,2015,3724.797
Portugal,PRT,2016,3995.6255
Portugal,PRT,2017,4355.7476
Portugal,PRT,2018,4627.1724
Portugal,PRT,2019,4879.319
Portugal,PRT,2020,5163.3535
Portugal,PRT,2021,5473.4473
Puerto Rico,PRI,2013,263.80606
Puerto Rico,PRI,2015,333.80353
Qatar,QAT,2012,648.91754
Qatar,QAT,2015,647.3112
Qatar,QAT,2018,584.505
Qatar,QAT,2021,982.5009
Romania,ROU,1996,1347.9852
Romania,ROU,1997,1271.7665
Romania,ROU,1998,1237.1561
Romania,ROU,1999,1062.178
Romania,ROU,2000,931.6131
Romania,ROU,2001,902.351
Romania,ROU,2002,933.35443
Romania,ROU,2003,971.8366
Romania,ROU,2004,993.77826
Romania,ROU,2005,1083.513
Romania,ROU,2006,905.93274
Romania,ROU,2007,903.2423
Romania,ROU,2008,938.4634
Romania,ROU,2009,938.70624
Romania,ROU,2010,969.4502
Romania,ROU,2011,793.4039
Romania,ROU,2012,893.0543
Romania,ROU,2013,924.1437
Romania,ROU,2014,903.98914
Romania,ROU,2015,874.7279
Romania,ROU,2016,908.9898
Romania,ROU,2017,887.3094
Romania,ROU,2018,875.7624
Romania,ROU,2019,887.0736
Romania,ROU,2020,940.54663
Romania,ROU,2021,985.49335
Russia,RUS,1996,3787.8062
Russia,RUS,1997,3595.8806
Russia,RUS,1998,3332.1099
Russia,RUS,1999,3368.7126
Russia,RUS,2000,3441.9956
Russia,RUS,2001,3450.9983
Russia,RUS,2002,3371.5312
Russia,RUS,2003,3355.6821
Russia,RUS,2004,3302.674
Russia,RUS,2005,3224.3718
Russia,RUS,2006,3235.5508
Russia,RUS,2007,3276.5813
Russia,RUS,2008,3153.6772
Russia,RUS,2009,3090.6323
Russia,RUS,2010,3086.4546
Russia,RUS,2011,3124.334
Russia,RUS,2012,3089.558
Russia,RUS,2013,3064.1555
Russia,RUS,2014,3086.5908
Russia,RUS,2015,3109.7632
Russia,RUS,2016,2959.9658
Russia,RUS,2017,2825.5396
Russia,RUS,2018,2787.2463
Russia,RUS,2019,2749.4854
Russia,RUS,2020,2724.9072
Rwanda,RWA,2008,10.7546
Rwanda,RWA,2009,12.42899
Rwanda,RWA,2013,15.32402
Rwanda,RWA,2016,13.72771
Rwanda,RWA,2019,58.50478
Saudi Arabia,SAU,2020,435.44058
Saudi Arabia,SAU,2021,692.3396
Senegal,SEN,2006,270.89624
Senegal,SEN,2007,287.1585
Senegal,SEN,2008,386.3887
Senegal,SEN,2010,378.55615
Senegal,SEN,2015,580.9549
Serbia,SRB,2007,1190.3914
Serbia,SRB,2008,1354.7201
Serbia,SRB,2009,1423.8623
Serbia,SRB,2010,1503.4126
Serbia,SRB,2011,1616.1926
Serbia,SRB,2012,1635.3712
Serbia,SRB,2013,1718.6174
Serbia,SRB,2014,1822.7003
Serbia,SRB,2015,2060.1477
Serbia,SRB,2016,2121.8923
Serbia,SRB,2017,2067.7327
Serbia,SRB,2018,2075.986
Serbia,SRB,2019,2087.2764
Serbia,SRB,2020,2149.8533
Serbia,SRB,2021,2206.7083
Seychelles,SYC,2005,152.46227
Singapore,SGP,1996,2532.0889
Singapore,SGP,1997,2617.936
Singapore,SGP,1998,2987.555
Singapore,SGP,1999,3215.4731
Singapore,SGP,2000,4142.7686
Singapore,SGP,2001,4090.7087
Singapore,SGP,2002,4365.929
Singapore,SGP,2003,4763.9355
Singapore,SGP,2004,5026.1587
Singapore,SGP,2005,5543.7534
Singapore,SGP,2006,5691.8936
Singapore,SGP,2007,5967.4106
Singapore,SGP,2008,5859.249
Singapore,SGP,2009,6197.8438
Singapore,SGP,2010,6284.904
Singapore,SGP,2011,6444.8486
Singapore,SGP,2012,6401.9014
Singapore,SGP,2013,6631.4062
Singapore,SGP,2014,6632.226
Singapore,SGP,2015,6977.6694
Singapore,SGP,2016,6897.0444
Singapore,SGP,2017,6777.637
Singapore,SGP,2018,6786.696
Singapore,SGP,2019,7275.6313
Singapore,SGP,2020,7224.748
Slovakia,SVK,1996,1869.6064
Slovakia,SVK,1997,1863.493
Slovakia,SVK,1998,1889.499
Slovakia,SVK,1999,1713.0054
Slovakia,SVK,2000,1851.6699
Slovakia,SVK,2001,1782.5425
Slovakia,SVK,2002,1707.8516
Slovakia,SVK,2003,1791.1858
Slovakia,SVK,2004,1994.3436
Slovakia,SVK,2005,2031.4515
Slovakia,SVK,2006,2190.1638
Slovakia,SVK,2007,2297.2805
Slovakia,SVK,2008,2340.0757
Slovakia,SVK,2009,2468.3071
Slovakia,SVK,2010,2814.968
Slovakia,SVK,2011,2838.5227
Slovakia,SVK,2012,2824.7498
Slovakia,SVK,2013,2721.0178
Slovakia,SVK,2014,2721.4604
Slovakia,SVK,2015,2656.8022
Slovakia,SVK,2016,2607.2012
Slovakia,SVK,2017,2801.0732
Slovakia,SVK,2018,3001.4043
Slovakia,SVK,2019,3114.8628
Slovakia,SVK,2020,3165.595
Slovakia,SVK,2021,3211.044
Slovenia,SVN,1996,2254.7637
Slovenia,SVN,1997,2020.6617
Slovenia,SVN,1998,2154.1118
Slovenia,SVN,1999,2227.6018
Slovenia,SVN,2000,2184.1814
Slovenia,SVN,2001,2267.7144
Slovenia,SVN,2002,2342.6946
Slovenia,SVN,2003,1900.753
Slovenia,SVN,2004,2022.3126
Slovenia,SVN,2005,2625.6138
Slovenia,SVN,2006,2915.552
Slovenia,SVN,2007,3096.7314
Slovenia,SVN,2008,3467.112
Slovenia,SVN,2009,3650.2415
Slovenia,SVN,2010,3755.196
Slovenia,SVN,2011,4252.4443
Slovenia,SVN,2012,4296.7236
Slovenia,SVN,2013,4204.0747
Slovenia,SVN,2014,4134.7124
Slovenia,SVN,2015,3805.0815
Slovenia,SVN,2016,3892.9722
Slovenia,SVN,2017,4440.8447
Slovenia,SVN,2018,4788.8467
Slovenia,SVN,2019,4980.4204
Slovenia,SVN,2020,5124.626
Slovenia,SVN,2021,5223
South Africa,ZAF,1997,189.67152
South Africa,ZAF,2001,301.6182
South Africa,ZAF,2003,295.11118
South Africa,ZAF,2004,370.71057
South Africa,ZAF,2005,354.662
South Africa,ZAF,2006,377.1351
South Africa,ZAF,2007,388.45218
South Africa,ZAF,2008,385.7147
South Africa,ZAF,2009,389.04514
South Africa,ZAF,2010,363.7297
South Africa,ZAF,2011,386.0538
South Africa,ZAF,2012,405.10504
South Africa,ZAF,2013,436.31116
South Africa,ZAF,2014,434.589
South Africa,ZAF,2015,473.73416
South Africa,ZAF,2016,489.2008
South Africa,ZAF,2017,524.1455
South Africa,ZAF,2018,510.97357
South Africa,ZAF,2019,491.40997
South Africa,ZAF,2020,472.6809
South Asia (WB),,1996,153.9979
South Asia (WB),,1998,116.14807
South Asia (WB),,2000,110.85026
South Asia (WB),,2005,127.061554
South Asia (WB),,2010,155.63783
South Asia (WB),,2015,220.454
South Asia (WB),,2018,248.72409
South Asia (WB),,2020,257.97498
South Korea,KOR,1996,2185.0881
South Korea,KOR,1997,2240.747
South Korea,KOR,1998,2006.9742
South Korea,KOR,1999,2160.1262
South Korea,KOR,2000,2323.04
South Korea,KOR,2001,2905.2932
South Korea,KOR,2002,3006.5583
South Korea,KOR,2003,3188.3987
South Korea,KOR,2004,3279.1282
South Korea,KOR,2005,3760.6685
South Korea,KOR,2006,4169.4824
South Korea,KOR,2007,4610.681
South Korea,KOR,2008,4888.183
South Korea,KOR,2009,5033.5947
South Korea,KOR,2010,5424.872
South Korea,KOR,2011,5903.215
South Korea,KOR,2012,6388.4253
South Korea,KOR,2013,6453.847
South Korea,KOR,2014,6864.206
South Korea,KOR,2015,7018.359
South Korea,KOR,2016,7056.343
South Korea,KOR,2017,7450.5576
South Korea,KOR,2018,7913.5015
South Korea,KOR,2019,8322.588
South Korea,KOR,2020,8614.635
South Korea,KOR,2021,9081.936
Spain,ESP,1996,1293.8392
Spain,ESP,1997,1344.1805
Spain,ESP,1998,1496.4755
Spain,ESP,1999,1522.0486
Spain,ESP,2000,1886.8492
Spain,ESP,2001,1960.3773
Spain,ESP,2002,2028.0205
Spain,ESP,2003,2209.6558
Spain,ESP,2004,2371.3982
Spain,ESP,2005,2532.1558
Spain,ESP,2006,2629.3938
Spain,ESP,2007,2736.7969
Spain,ESP,2008,2867.108
Spain,ESP,2009,2893.2207
Spain,ESP,2010,2896.4905
Spain,ESP,2011,2791.3132
Spain,ESP,2012,2708.8489
Spain,ESP,2013,2638.0278
Spain,ESP,2014,2628.9438
Spain,ESP,2015,2636.8477
Spain,ESP,2016,2727.4287
Spain,ESP,2017,2863.7502
Spain,ESP,2018,3003.5627
Spain,ESP,2019,3067.6611
Spain,ESP,2020,3071.4482
Spain,ESP,2021,3251.743
Sri Lanka,LKA,1996,188.88084
Sri Lanka,LKA,2000,135.47026
Sri Lanka,LKA,2004,138.092
Sri Lanka,LKA,2006,92.73039
Sri Lanka,LKA,2008,97.70658
Sri Lanka,LKA,2010,104.0019
Sri Lanka,LKA,2013,107.99332
Sri Lanka,LKA,2014,97.08263
Sri Lanka,LKA,2015,104.08262
Sri Lanka,LKA,2016,105.03859
Sri Lanka,LKA,2017,104.71218
Sri Lanka,LKA,2018,104.06004
Sri Lanka,LKA,2020,104.55117
Sweden,SWE,1997,4191.906
Sweden,SWE,1999,4516.457
Sweden,SWE,2001,5177.7383
Sweden,SWE,2003,5388.8354
Sweden,SWE,2004,5431.796
Sweden,SWE,2005,6092.7188
Sweden,SWE,2006,6140.163
Sweden,SWE,2007,5015.933
Sweden,SWE,2008,5461.516
Sweden,SWE,2009,5107.0396
Sweden,SWE,2010,5279.921
Sweden,SWE,2011,5167.91
Sweden,SWE,2012,5181.4507
Sweden,SWE,2013,6686.093
Sweden,SWE,2014,6872.7217
Sweden,SWE,2015,6810.79
Sweden,SWE,2016,7107.9805
Sweden,SWE,2017,7308.659
Sweden,SWE,2018,7433.2104
Sweden,SWE,2019,7697.836
Sweden,SWE,2020,7759.499
Sweden,SWE,2021,8130.791
Switzerland,CHE,1996,3131.0327
Switzerland,CHE,2000,3644.6582
Switzerland,CHE,2004,3453.0935
Switzerland,CHE,2008,3315.0635
Switzerland,CHE,2012,4499.3315
Switzerland,CHE,2015,5310.2373
Switzerland,CHE,2017,5258.543
Switzerland,CHE,2019,5562.9507
Switzerland,CHE,2021,6022.7466
Syria,SYR,2015,83.98261
Tanzania,TZA,2010,35.96654
Tanzania,TZA,2013,19.15065
Thailand,THA,1996,100.9354
Thailand,THA,1997,72.75367
Thailand,THA,1999,167.72395
Thailand,THA,2001,279.50565
Thailand,THA,2003,280.80566
Thailand,THA,2005,312.70746
Thailand,THA,2007,321.33633
Thailand,THA,2009,325.56436
Thailand,THA,2011,530.891
Thailand,THA,2013,776.8426
Thailand,THA,2014,945.3253
Thailand,THA,2015,847.0856
Thailand,THA,2016,1183.1427
Thailand,THA,2017,1320.6305
Thailand,THA,2018,1718.4562
Thailand,THA,2019,1749.9191
Thailand,THA,2020,2023.8306
Togo,TGO,2003,26.5439
Togo,TGO,2004,24.94369
Togo,TGO,2005,32.99004
Togo,TGO,2006,23.50855
Togo,TGO,2007,36.22125
Togo,TGO,2010,33.9759
Togo,TGO,2011,34.12615
Togo,TGO,2012,35.45082
Togo,TGO,2014,37.73744
Togo,TGO,2015,35.85397
Togo,TGO,2016,31.93673
Togo,TGO,2017,38.46865
Togo,TGO,2018,47.6891
Togo,TGO,2019,46.49953
Togo,TGO,2020,45.29121
Togo,TGO,2021,44.86637
Trinidad and Tobago,TTO,2017,485.817
Trinidad and Tobago,TTO,2018,531.2092
Trinidad and Tobago,TTO,2019,449.53833
Trinidad and Tobago,TTO,2020,590.5278
Tunisia,TUN,2007,1064.4485
Tunisia,TUN,2008,1192.8109
Tunisia,TUN,2009,1461.9923
Tunisia,TUN,2010,1358.8599
Tunisia,TUN,2011,1403.898
Tunisia,TUN,2012,1590.3438
Tunisia,TUN,2013,1755.9514
Tunisia,TUN,2014,1770.6902
Tunisia,TUN,2015,1751.0048
Tunisia,TUN,2016,1942.6688
Tunisia,TUN,2017,1893.2386
Tunisia,TUN,2018,1765.2449
Tunisia,TUN,2019,1701.581
Tunisia,TUN,2020,1620.4851
Tunisia,TUN,2021,1584.2426
Turkey,TUR,1996,302.47067
Turkey,TUR,1997,311.00397
Turkey,TUR,1998,306.43704
Turkey,TUR,1999,319.88226
Turkey,TUR,2000,362.6835
Turkey,TUR,2001,351.5217
Turkey,TUR,2002,365.98962
Turkey,TUR,2003,491.75372
Turkey,TUR,2004,503.222
Turkey,TUR,2005,573.45776
Turkey,TUR,2006,616.89355
Turkey,TUR,2007,709.09424
Turkey,TUR,2008,744.9307
Turkey,TUR,2009,805.02203
Turkey,TUR,2010,884.97784
Turkey,TUR,2011,978.5768
Turkey,TUR,2012,1099.9451
Turkey,TUR,2013,1173.6686
Turkey,TUR,2014,1160.4939
Turkey,TUR,2015,1205.0807
Turkey,TUR,2016,1246.8931
Turkey,TUR,2017,1369.346
Turkey,TUR,2018,1530.9047
Turkey,TUR,2019,1629.7324
Turkey,TUR,2020,1786.5171
Turkey,TUR,2021,1999.5342
Uganda,UGA,2010,39.61944
Uganda,UGA,2014,28.72612
Ukraine,UKR,2006,1471.3611
Ukraine,UKR,2007,1453.0156
Ukraine,UKR,2008,1427.7467
Ukraine,UKR,2009,1346.216
Ukraine,UKR,2010,1328.3977
Ukraine,UKR,2011,1258.8083
Ukraine,UKR,2012,1231.2828
Ukraine,UKR,2013,1159.9703
Ukraine,UKR,2014,1020.8823
Ukraine,UKR,2015,1005.9972
Ukraine,UKR,2016,1037.2408
Ukraine,UKR,2017,994.07745
Ukraine,UKR,2018,988.07666
Ukraine,UKR,2019,880.55414
Ukraine,UKR,2020,846.2485
Ukraine,UKR,2021,587.4977
United Arab Emirates,ARE,2015,2066.5063
United Arab Emirates,ARE,2016,2490.7024
United Arab Emirates,ARE,2018,2516.4253
United Arab Emirates,ARE,2019,2536.507
United Arab Emirates,ARE,2020,2612.3328
United Arab Emirates,ARE,2021,2666.0154
United Kingdom,GBR,1996,2495.526
United Kingdom,GBR,1997,2504.174
United Kingdom,GBR,1998,2702.4211
United Kingdom,GBR,1999,2862.753
United Kingdom,GBR,2000,2903.8057
United Kingdom,GBR,2001,3089.0002
United Kingdom,GBR,2002,3346.289
United Kingdom,GBR,2003,3642.2964
United Kingdom,GBR,2004,3828.47
United Kingdom,GBR,2005,4130.6025
United Kingdom,GBR,2006,4192.7627
United Kingdom,GBR,2007,4140.1416
United Kingdom,GBR,2008,4096.6714
United Kingdom,GBR,2009,4131.859
United Kingdom,GBR,2010,4105.4165
United Kingdom,GBR,2011,3988.4773
United Kingdom,GBR,2012,4030.6724
United Kingdom,GBR,2013,4178.5015
United Kingdom,GBR,2014,4285.535
United Kingdom,GBR,2015,4397.222
United Kingdom,GBR,2016,4448.352
United Kingdom,GBR,2017,4491.317
United States,USA,1996,3152.4797
United States,USA,1997,3255.298
United States,USA,1998,3420.783
United States,USA,1999,3477.543
United States,USA,2000,3478.9607
United States,USA,2001,3515.9072
United States,USA,2002,3561.7026
United States,USA,2003,3763.7192
United States,USA,2004,3624.3445
United States,USA,2005,3547.8835
United States,USA,2006,3585.583
United States,USA,2007,3534.1511
United States,USA,2008,3661.4255
United States,USA,2009,3785.635
United States,USA,2010,3549.276
United States,USA,2011,3663.7866
United States,USA,2012,3649.9387
United States,USA,2013,3735.7766
United States,USA,2014,3836.5981
United States,USA,2015,3874.7866
United States,USA,2016,3830.4626
United States,USA,2017,3958.564
United States,USA,2018,4261.9893
United States,USA,2019,4308.874
United States,USA,2020,4451.7812
Upper-middle-income countries,,1996,721.9007
Upper-middle-income countries,,1997,714.15454
Upper-middle-income countries,,1998,651.9588
Upper-middle-income countries,,1999,670.2477
Upper-middle-income countries,,2000,683.35645
Upper-middle-income countries,,2001,681.1563
Upper-middle-income countries,,2002,791.48804
Upper-middle-income countries,,2003,793.754
Upper-middle-income countries,,2004,848.529
Upper-middle-income countries,,2005,922.9993
Upper-middle-income countries,,2006,985.30225
Upper-middle-income countries,,2007,1058.4175
Upper-middle-income countries,,2008,1145.3931
Upper-middle-income countries,,2009,837.71173
Upper-middle-income countries,,2010,976.8742
Upper-middle-income countries,,2011,1021.2525
Upper-middle-income countries,,2012,1086.2319
Upper-middle-income countries,,2013,1085.567
Upper-middle-income countries,,2014,1106.7001
Upper-middle-income countries,,2015,1178.511
Upper-middle-income countries,,2016,1100.206
Upper-middle-income countries,,2017,1101.2941
Upper-middle-income countries,,2018,1199.5642
Upper-middle-income countries,,2019,1312.4294
Upper-middle-income countries,,2020,1388.065
Uruguay,URY,1999,221.37093
Uruguay,URY,2000,280.4269
Uruguay,URY,2002,375.8808
Uruguay,URY,2008,428.84232
Uruguay,URY,2009,560.1756
Uruguay,URY,2010,631.36743
Uruguay,URY,2011,622.2792
Uruguay,URY,2012,640.4732
Uruguay,URY,2013,644.549
Uruguay,URY,2014,657.34357
Uruguay,URY,2015,680.01855
Uruguay,URY,2016,700.86005
Uruguay,URY,2017,716.905
Uruguay,URY,2018,768.9303
Uruguay,URY,2019,791.29755
Uruguay,URY,2020,806.2373
Uruguay,URY,2021,808.18634
Uzbekistan,UZB,2000,662.31274
Uzbekistan,UZB,2001,615.22876
Uzbekistan,UZB,2002,630.8449
Uzbekistan,UZB,2003,588.43585
Uzbekistan,UZB,2004,578.618
Uzbekistan,UZB,2005,633.38556
Uzbekistan,UZB,2006,566.92487
Uzbekistan,UZB,2007,558.88464
Uzbekistan,UZB,2008,582.8815
Uzbekistan,UZB,2009,575.4777
Uzbekistan,UZB,2010,547.3384
Uzbekistan,UZB,2011,577.6011
Uzbekistan,UZB,2012,516.08
Uzbekistan,UZB,2013,510.53397
Uzbekistan,UZB,2014,505.02084
Uzbekistan,UZB,2015,501.2326
Uzbekistan,UZB,2016,509.89435
Uzbekistan,UZB,2017,499.59238
Uzbekistan,UZB,2018,480.43228
Uzbekistan,UZB,2019,421.4649
Uzbekistan,UZB,2020,426.82077
Uzbekistan,UZB,2021,525.3321
Venezuela,VEN,1998,49.80415
Venezuela,VEN,1999,56.28466
Venezuela,VEN,2000,61.78341
Venezuela,VEN,2001,71.41692
Venezuela,VEN,2002,70.1527
Venezuela,VEN,2003,95.85487
Venezuela,VEN,2004,105.71213
Venezuela,VEN,2005,122.80112
Venezuela,VEN,2006,147.9082
Venezuela,VEN,2007,164.84927
Venezuela,VEN,2008,189.69267
Venezuela,VEN,2009,185.15404
Venezuela,VEN,2010,203.45377
Venezuela,VEN,2011,232.46487
Venezuela,VEN,2012,296.60516
Venezuela,VEN,2013,365.3208
Venezuela,VEN,2014,272.88553
Venezuela,VEN,2015,246.58669
Venezuela,VEN,2016,292.0226
Venezuela,VEN,2019,230.67055
Venezuela,VEN,2020,289.184
Vietnam,VNM,2002,116.27459
Vietnam,VNM,2013,686.812
Vietnam,VNM,2015,685.66345
Vietnam,VNM,2017,715.4071
Vietnam,VNM,2019,765.5178
Vietnam,VNM,2021,779.3085
World,OWID_WRL,2000,1078.1343
World,OWID_WRL,2005,1194.0433
World,OWID_WRL,2010,1265.5859
World,OWID_WRL,2015,1385.1538
World,OWID_WRL,2018,1525.149
Zambia,ZMB,1996,50.62352
Zambia,ZMB,1997,54.91667
Zambia,ZMB,1998,57.0647
Zambia,ZMB,1999,56.46739
Zambia,ZMB,2008,42.45223
Zimbabwe,ZWE,2012,99.44353